{
  "composition/wikitext_dyt_diffattn_s1337": {
    "best_val_loss": 4.094564437866211,
    "iter_num": 5000
  },
  "composition_1m/diffattn_s1337": {
    "best_val_loss": 9.545792579650879,
    "iter_num": 5000
  },
  "composition_1m/diffattn_s42": {
    "best_val_loss": 13.193192481994629,
    "iter_num": 5000
  },
  "composition_1m/diffattn_s7": {
    "best_val_loss": 13.251206398010254,
    "iter_num": 5000
  },
  "composition_1m/dyt_diffattn_s1337": {
    "best_val_loss": 6.667262077331543,
    "iter_num": 5000
  },
  "composition_1m/dyt_diffattn_s42": {
    "best_val_loss": 10.433767318725586,
    "iter_num": 5000
  },
  "composition_1m/dyt_diffattn_s7": {
    "best_val_loss": 10.081664085388184,
    "iter_num": 5000
  },
  "composition_1m/dyt_s1337": {
    "best_val_loss": 6.736276149749756,
    "iter_num": 5000
  },
  "composition_1m/dyt_s42": {
    "best_val_loss": 7.869565010070801,
    "iter_num": 5000
  },
  "composition_1m/dyt_s7": {
    "best_val_loss": 7.783892631530762,
    "iter_num": 5000
  },
  "composition_1m/vanilla_s1337": {
    "best_val_loss": 12.42151165008545,
    "iter_num": 5000
  },
  "composition_1m/vanilla_s42": {
    "best_val_loss": 12.236952781677246,
    "iter_num": 5000
  },
  "composition_1m/vanilla_s7": {
    "best_val_loss": 12.285869598388672,
    "iter_num": 5000
  },
  "convergence_3seed/diffattn_118m_10k_s42": {
    "best_val_loss": 2.5051374435424805,
    "iter_num": 10000
  },
  "convergence_3seed/diffattn_118m_10k_s7": {
    "best_val_loss": 2.510629415512085,
    "iter_num": 10000
  },
  "convergence_3seed/dyt_diffattn_118m_10k_s42": {
    "best_val_loss": 2.883561134338379,
    "iter_num": 10000
  },
  "convergence_3seed/dyt_diffattn_118m_10k_s7": {
    "best_val_loss": 3.0190188884735107,
    "iter_num": 10000
  },
  "convergence_3seed/vanilla_118m_10k_s42": {
    "best_val_loss": 3.343219041824341,
    "iter_num": 10000
  },
  "convergence_3seed/vanilla_118m_10k_s7": {
    "best_val_loss": 3.3235974311828613,
    "iter_num": 10000
  },
  "runset_3seed/wikitext_1m_diffattn_s1337": {
    "best_val_loss": 9.626337051391602,
    "iter_num": 5000
  },
  "runset_3seed/wikitext_1m_diffattn_s42": {
    "best_val_loss": 9.414196014404297,
    "iter_num": 5000
  },
  "runset_3seed/wikitext_1m_diffattn_s7": {
    "best_val_loss": 9.429686546325684,
    "iter_num": 5000
  },
  "runset_3seed/wikitext_1m_dyt_s1337": {
    "best_val_loss": 6.784120082855225,
    "iter_num": 5000
  },
  "runset_3seed/wikitext_1m_dyt_s42": {
    "best_val_loss": 7.043101787567139,
    "iter_num": 5000
  },
  "runset_3seed/wikitext_1m_dyt_s7": {
    "best_val_loss": 6.6282525062561035,
    "iter_num": 5000
  },
  "runset_3seed/wikitext_1m_vanilla_s1337": {
    "best_val_loss": 9.339662551879883,
    "iter_num": 5000
  },
  "runset_3seed/wikitext_1m_vanilla_s42": {
    "best_val_loss": 9.431623458862305,
    "iter_num": 5000
  },
  "runset_3seed/wikitext_1m_vanilla_s7": {
    "best_val_loss": 9.380319595336914,
    "iter_num": 5000
  },
  "runset_3seed/wikitext_diffattn_s1337": {
    "best_val_loss": 3.342850685119629,
    "iter_num": 5000
  },
  "runset_3seed/wikitext_diffattn_s42": {
    "best_val_loss": 3.364259719848633,
    "iter_num": 5000
  },
  "runset_3seed/wikitext_diffattn_s7": {
    "best_val_loss": 3.3683927059173584,
    "iter_num": 5000
  },
  "runset_3seed/wikitext_dyt_s1337": {
    "best_val_loss": 4.289549350738525,
    "iter_num": 5000
  },
  "runset_3seed/wikitext_dyt_s42": {
    "best_val_loss": 4.302474021911621,
    "iter_num": 5000
  },
  "runset_3seed/wikitext_dyt_s7": {
    "best_val_loss": 4.346424102783203,
    "iter_num": 5000
  },
  "runset_3seed/wikitext_vanilla_s1337": {
    "best_val_loss": 3.639755964279175,
    "iter_num": 5000
  },
  "runset_3seed/wikitext_vanilla_s42": {
    "best_val_loss": 3.6314642429351807,
    "iter_num": 5000
  },
  "runset_3seed/wikitext_vanilla_s7": {
    "best_val_loss": 3.621504783630371,
    "iter_num": 5000
  },
  "gated_attn/scale1_118m_gated_dyt_s1337": {
    "best_val_loss": 5.345048904418945,
    "iter_num": 2000
  },
  "gated_attn/scale1_118m_gated_s1337": {
    "best_val_loss": 3.2249698638916016,
    "iter_num": 5000
  },
  "gated_attn/scale1_1m_gated_diffattn_s1337": {
    "best_val_loss": 12.886362075805664,
    "iter_num": 5000
  },
  "gated_attn/scale1_1m_gated_diffattn_s42": {
    "best_val_loss": 13.119595527648926,
    "iter_num": 5000
  },
  "gated_attn/scale1_1m_gated_diffattn_s7": {
    "best_val_loss": 12.824114799499512,
    "iter_num": 5000
  },
  "gated_attn/scale1_1m_gated_dyt_diffattn_s1337": {
    "best_val_loss": 9.59937572479248,
    "iter_num": 5000
  },
  "gated_attn/scale1_1m_gated_dyt_diffattn_s42": {
    "best_val_loss": 9.996804237365723,
    "iter_num": 5000
  },
  "gated_attn/scale1_1m_gated_dyt_diffattn_s7": {
    "best_val_loss": 9.409543991088867,
    "iter_num": 4500
  },
  "gated_attn/scale1_1m_gated_dyt_s1337": {
    "best_val_loss": 7.729313850402832,
    "iter_num": 5000
  },
  "gated_attn/scale1_1m_gated_dyt_s42": {
    "best_val_loss": 7.7328362464904785,
    "iter_num": 5000
  },
  "gated_attn/scale1_1m_gated_dyt_s7": {
    "best_val_loss": 7.772887706756592,
    "iter_num": 5000
  },
  "gated_attn/scale1_1m_gated_s1337": {
    "best_val_loss": 12.391828536987305,
    "iter_num": 5000
  },
  "gated_attn/scale1_1m_gated_s42": {
    "best_val_loss": 12.213842391967773,
    "iter_num": 5000
  },
  "gated_attn/scale1_1m_gated_s7": {
    "best_val_loss": 12.382111549377441,
    "iter_num": 5000
  },
  "hardtanh/wikitext_10m_hardtanh_s1337": {
    "best_val_loss": 4.689740180969238,
    "iter_num": 5000
  },
  "hardtanh/wikitext_10m_hardtanh_s42": {
    "best_val_loss": 4.721881866455078,
    "iter_num": 5000
  },
  "hardtanh/wikitext_10m_hardtanh_s7": {
    "best_val_loss": 4.707803249359131,
    "iter_num": 5000
  },
  "hardtanh/wikitext_118m_hardtanh_s1337": {
    "best_val_loss": 4.363742351531982,
    "iter_num": 5000
  },
  "hardtanh/wikitext_118m_hardtanh_s42": {
    "best_val_loss": 4.351950645446777,
    "iter_num": 5000
  },
  "hardtanh/wikitext_118m_hardtanh_s7": {
    "best_val_loss": 4.295319080352783,
    "iter_num": 5000
  },
  "hardtanh/wikitext_1m_hardtanh_s1337": {
    "best_val_loss": 7.201320171356201,
    "iter_num": 5000
  },
  "hardtanh/wikitext_1m_hardtanh_s42": {
    "best_val_loss": 7.208688259124756,
    "iter_num": 5000
  },
  "hardtanh/wikitext_1m_hardtanh_s7": {
    "best_val_loss": 7.244478702545166,
    "iter_num": 5000
  },
  "llama/scale1_118m_diffattn_s1337": {
    "best_val_loss": 3.2596840858459473,
    "iter_num": 5000
  },
  "llama/scale1_118m_diffattn_s42": {
    "best_val_loss": 3.261122465133667,
    "iter_num": 5000
  },
  "llama/scale1_118m_diffattn_s7": {
    "best_val_loss": 3.2777798175811768,
    "iter_num": 5000
  },
  "llama/scale1_118m_dyt_s1337": {
    "best_val_loss": 4.601135730743408,
    "iter_num": 5000
  },
  "llama/scale1_118m_dyt_s42": {
    "best_val_loss": 7.446696758270264,
    "iter_num": 5000
  },
  "llama/scale1_118m_dyt_s7": {
    "best_val_loss": 4.828754425048828,
    "iter_num": 5000
  },
  "llama/scale1_118m_vanilla_s1337": {
    "best_val_loss": 3.536236047744751,
    "iter_num": 5000
  },
  "llama/scale1_118m_vanilla_s42": {
    "best_val_loss": 3.5417535305023193,
    "iter_num": 5000
  },
  "llama/scale1_118m_vanilla_s7": {
    "best_val_loss": 3.533531427383423,
    "iter_num": 5000
  },
  "llama/scale1_1m_diffattn_s1337": {
    "best_val_loss": 9.43419075012207,
    "iter_num": 5000
  },
  "llama/scale1_1m_diffattn_s42": {
    "best_val_loss": 9.508960723876953,
    "iter_num": 5000
  },
  "llama/scale1_1m_diffattn_s7": {
    "best_val_loss": 9.377043724060059,
    "iter_num": 5000
  },
  "llama/scale1_1m_dyt_s1337": {
    "best_val_loss": 6.470360279083252,
    "iter_num": 5000
  },
  "llama/scale1_1m_dyt_s42": {
    "best_val_loss": 6.694490432739258,
    "iter_num": 5000
  },
  "llama/scale1_1m_dyt_s7": {
    "best_val_loss": 7.696566104888916,