{
  "R5_ablate_rope": {
    "mean": 6.7868,
    "std": 1.1409,
    "n": 3,
    "vals": [
      7.4423322677612305,
      5.469421863555908,
      7.448543071746826
    ]
  },
  "R5_ablate_gqa": {
    "mean": 6.5651,
    "std": 1.5261,
    "n": 3,
    "vals": [
      4.802889823913574,
      7.443762302398682,
      7.44864559173584
    ]
  },
  "R5_ablate_swiglu": {
    "mean": 4.4755,
    "std": 0.0066,
    "n": 3,
    "vals": [
      4.467917442321777,
      4.479249954223633,
      4.479433059692383
    ]
  },
  "iso_param_diffattn": {
    "mean": 3.5556,
    "std": 0.0127,
    "n": 3,
    "vals": [
      3.542067289352417,
      3.557448625564575,
      3.5671777725219727
    ]
  },
  "dropout_p01": {
    "mean": 3.7898,
    "std": 0.0016,
    "n": 3,
    "vals": [
      3.7900643348693848,
      3.7913341522216797,
      3.7881085872650146
    ]
  },
  "dropout_p03": {
    "mean": 3.9745,
    "std": 0.0022,
    "n": 3,
    "vals": [
      3.9720983505249023,
      3.975113868713379,
      3.976266384124756
    ]
  },
  "dropout_p05": {
    "mean": 4.2952,
    "std": 0.0065,
    "n": 3,
    "vals": [
      4.302322864532471,
      4.2935791015625,
      4.289632797241211
    ]
  },
  "phase_B_comp5k_dyt_diffattn": {
    "mean": 4.2463,
    "std": 0.1351,
    "n": 3,
    "vals": [
      4.094564437866211,
      4.353794574737549,
      4.290462493896484
    ],
    "seed_map": {
      "s1337": "composition/",
      "s42/s7": "composition_5k_3seed/"
    }
  },
  "phase_D_comp10k_dyt_diffattn": {
    "mean": 3.3843,
    "std": 0.0218,
    "n": 3,
    "vals": [
      3.369469404220581,
      3.4092671871185303,
      3.3741273880004883
    ],
    "seed_map": {
      "s1337": "convergence_10k/dyt_diffattn_10k",
      "s42/s7": "composition_10k_ga1/"
    }
  },
  "scale5_118M_vanilla": {
    "mean": 3.431,
    "std": 0.122,
    "n": 3,
    "seeds": {
      "s1337": 3.3472,
      "s42": 3.3749,
      "s7": 3.571
    }
  },
  "scale5_118M_dyt": {
    "mean": 4.3888,
    "std": 0.0161,
    "n": 3,
    "seeds": {
      "s1337": 4.3822,
      "s42": 4.3771,
      "s7": 4.4071
    }
  },
  "scale5_1M_vanilla": {
    "mean": 7.8418,
    "std": 0.0728,
    "n": 3,
    "seeds": {
      "s1337": 7.9258,
      "s42": 7.7969,
      "s7": 7.8027
    }
  },
  "scale5_1M_dyt": {
    "mean": 7.9754,
    "std": 0.1123,
    "n": 3,
    "seeds": {
      "s1337": 8.0968,
      "s42": 7.8753,
      "s7": 7.9542
    }
  },
  "scale5_118M_delta": "+27.9%",
  "scale5_1M_delta": "+1.7%"
}