{
  "sub": "runset_3seed",
  "name": "wikitext_1m_vanilla_s7",
  "cfg": "vanilla",
  "seed": 7,
  "tokens": "1m",
  "lip_eps0.01": 753.586420274111,
  "lip_eps0.01_std": 2.5609349494596705,
  "lip_eps0.1": 319.7689843753778,
  "lip_eps0.1_std": 0.8319616131426303,
  "logit_variance": 6.695834636688232,
  "n_params_M": 63.779328,
  "elapsed_s": 1.1753551959991455
}