{
  "sub": "scale3",
  "name": "wikitext_1m_dyt_s1337",
  "cfg": "dyt",
  "seed": 1337,
  "tokens": "1m",
  "lip_eps0.01": 417.8938011202622,
  "lip_eps0.01_std": 0.8345898759402298,
  "lip_eps0.1": 277.75282449323646,
  "lip_eps0.1_std": 1.9457564972499262,
  "logit_variance": 15.960423469543457,
  "n_params_M": 354.075697,
  "elapsed_s": 6.326045751571655
}