{
  "sub": "scale2",
  "name": "wikitext_1m_dyt_s1337",
  "cfg": "dyt",
  "seed": 1337,
  "tokens": "1m",
  "lip_eps0.01": 705.8251285666041,
  "lip_eps0.01_std": 6.695627099433461,
  "lip_eps0.1": 354.84012889226443,
  "lip_eps0.1_std": 2.098200109364389,
  "logit_variance": 21.993270874023438,
  "n_params_M": 123.980569,
  "elapsed_s": 2.320056676864624
}