{
  "sub": "scale3",
  "name": "wikitext_dyt_s1337",
  "cfg": "dyt",
  "seed": 1337,
  "tokens": "118m",
  "lip_eps0.01": 171.2470220576971,
  "lip_eps0.01_std": 2.228915406452587,
  "lip_eps0.1": 175.6837466269683,
  "lip_eps0.1_std": 0.6124882915585449,
  "logit_variance": 6.365814208984375,
  "n_params_M": 354.075697,
  "elapsed_s": 6.328007936477661
}