{
  "sub": "scale3",
  "name": "wikitext_1m_dyt_s7",
  "cfg": "dyt",
  "seed": 7,
  "tokens": "1m",
  "lip_eps0.01": 416.97376048817245,
  "lip_eps0.01_std": 1.7402713572592523,
  "lip_eps0.1": 270.3819052249438,
  "lip_eps0.1_std": 2.850010240299719,
  "logit_variance": 15.531874656677246,
  "n_params_M": 354.075697,
  "elapsed_s": 6.404697418212891
}