{
  "sub": "scale2",
  "name": "wikitext_dyt_s1337",
  "cfg": "dyt",
  "seed": 1337,
  "tokens": "118m",
  "lip_eps0.01": 197.2139324718387,
  "lip_eps0.01_std": 1.6283088590960102,
  "lip_eps0.1": 186.6110480833262,
  "lip_eps0.1_std": 0.8302001046895777,
  "logit_variance": 7.474902629852295,
  "n_params_M": 123.980569,
  "elapsed_s": 2.357818365097046
}