{
  "scale3/wikitext_vanilla_s1337": {
    "sub": "scale3",
    "name": "wikitext_vanilla_s1337",
    "cfg": "vanilla",
    "seed": 1337,
    "tokens": "118m",
    "batch": 4,
    "top5_eigenvalues": [
      27.677425384521484,
      21.384723663330078,
      18.173490524291992,
      16.953649520874023,
      15.54220962524414
    ],
    "top1_eigenvalue": 27.677425384521484,
    "trace_hutchinson_mean": 6631.535200639205,
    "trace_hutchinson_std": 316.6885492505656,
    "trace_per_Mparam": 18.729147960605314,
    "n_params_M": 354.075648,
    "elapsed_s": 52.90557861328125
  },
  "scale3/wikitext_vanilla_s42": {
    "sub": "scale3",
    "name": "wikitext_vanilla_s42",
    "cfg": "vanilla",
    "seed": 42,
    "tokens": "118m",
    "batch": 4,
    "top5_eigenvalues": [
      21.85486602783203,
      19.814659118652344,
      15.188885688781738,
      14.475333213806152,
      12.220099449157715
    ],
    "top1_eigenvalue": 21.85486602783203,
    "trace_hutchinson_mean": 6189.968912760417,
    "trace_hutchinson_std": 97.35026806323847,
    "trace_per_Mparam": 17.482052063519536,
    "n_params_M": 354.075648,
    "elapsed_s": 41.05049705505371
  },
  "scale3/wikitext_vanilla_s7": {
    "sub": "scale3",
    "name": "wikitext_vanilla_s7",
    "cfg": "vanilla",
    "seed": 7,
    "tokens": "118m",
    "batch": 4,
    "top5_eigenvalues": [
      19.985612869262695,
      16.984092712402344,
      13.91211223602295,
      13.07939338684082,
      12.720527648925781
    ],
    "top1_eigenvalue": 19.985612869262695,
    "trace_hutchinson_mean": 5328.974674479166,
    "trace_hutchinson_std": 313.6892558312939,
    "trace_per_Mparam": 15.050384584706505,
    "n_params_M": 354.075648,
    "elapsed_s": 46.18278670310974
  }
}