{
  "sub": "runset_3seed",
  "name": "wikitext_dyt_s1337",
  "cfg": "dyt",
  "seed": 1337,
  "tokens": "118m",
  "top5_eigenvalues": [
    38.89595031738281,
    26.380281448364258,
    22.67072296142578,
    19.770235061645508,
    15.382800102233887
  ],
  "top1_eigenvalue": 38.89595031738281,
  "trace_hutchinson_mean": 5579.3577067057295,
  "trace_hutchinson_std": 206.46106834391196,
  "trace_per_Mparam": 87.47905778701971,
  "n_params_M": 63.779353,
  "elapsed_s": 29.438114404678345
}